firstName,lastName,department,phonenumber,email,userPrincipalName
Jarle,Hresen,HR,45809715,JarleHr@gmail.com,JarleHresen@y0c4t.onmicrosoft.com
Karl,Hresen,HR,45809716,KarlHr@gmail.com,KarlHresen@y0c4t.onmicrosoft.com
Ernst,Adminsen,IT,92572849,ErnstAdm@gmail.com,ErnstAdminsen@y0c4t.onmicrosoft.com
Mats,Adminsen,IT,92572850,MatsAdm@gmail.com,MatsAdminsen@y0c4t.onmicrosoft.com
Fredd,Developersen,Developer,90496838,FreddDev@gmail.com,FreddDev@y0c4t.onmicrosoft.com
Elias,Developersen,Developer,90496839,EliasDev@gmail.com,EliasDev@y0c4t.onmicrosoft.com